query,generated_structured_answer,model_used
What specific infrastructure and agricultural impact did the British steamer Canopus experience due to the heavy gales in the United Kingdom?,"{
""Region"": ""United Kingdom"",
""Exposure"": 5,
""Sensitivity"": 4,
""Adaptability"": 3,
""Temporal_Scale"": ""short-term absorptive capacity"",
""Functional_System"": ""transportation, food"",
""Spatial_Scale"": ""national"",
""Answer"": ""The British steamer Canopus experienced significant infrastructure damage due to heavy gales in the United Kingdom, losing its boats and sustaining other damages. Additionally, the storm resulted in the loss of 247 head of cattle, indicating a substantial impact on agricultural assets.""
}",gpt-4
"How has the recent heavy rainstorm affected the logging and river navigation infrastructure in the Chippewa Valley, and what are the anticipated changes in operations as a result?","Region: Chippewa Valley
Exposure: 5
Sensitivity: 4
Adaptability: 3
Temporal_Scale: short-term absorptive capacity
Functional_System: transportation, water
Spatial_Scale: local
Answer: The recent heavy rainstorm has significantly affected the logging operations and river navigation infrastructure in the Chippewa Valley, causing a suspension of logging operations and a rise in river levels. However, there is anticipation of a resumption of raft and boat navigation, indicating some level of adaptability and resilience in the face of these climate stressors.",gpt-4
"How did the reports of severe gales and a tidal wave on the coast of Nova Scotia and the eastern United States impact the stock value of Wiggins, and what was the subsequent trend in its value by the evening?","Region: Nova Scotia and the eastern United States
Exposure: 4
Sensitivity: 3
Adaptability: NA
Temporal_Scale: short-term absorptive capacity
Functional_System: transportation, information
Spatial_Scale: regional
Answer: The severe gales and tidal wave on the coast of Nova Scotia and the eastern United States led to an initial increase in Wiggins' stock value due to the heightened exposure and sensitivity of the transportation and information systems. However, by the evening, the stock showed a downward trend, indicating a short-term absorptive capacity to the climate event.",gpt-4
What specific efforts are the Central Vermont and South Eastern railways making to reopen their lines following the snowstorm and earthquake in the Eastern Townships?,"Region: Eastern Townships, Central Vermont, South Eastern
Exposure: 5
Sensitivity: 5
Adaptability: 3
Temporal_Scale: short-term absorptive capacity
Functional_System: transportation
Spatial_Scale: regional
Answer: The Central Vermont and South Eastern railways are making significant efforts to reopen their lines following the snowstorm and earthquake. They are engaging a large force of men to clear the snow blockade and restore normal business conditions.",gpt-4
What human health impact is mentioned in the passage as a result of the storm's violence?,"Region: Atlantic Ocean, Newfoundland
Exposure: 5
Sensitivity: 5
Adaptability: NA
Temporal_Scale: short-term absorptive capacity
Functional_System: health, transportation
Spatial_Scale: local
Answer: The passage mentions a severe storm that resulted in a lady passenger suffering a fractured skull due to the violent sea conditions. Additionally, a child succumbed to its sufferings, presumably due to the harsh conditions.",gpt-4
"What specific damage did the storm cause to the infrastructure at the south end of the city in Nova Scotia, and how did this affect the Howell tin-dry?","Region: Nova Scotia
Exposure: 4
Sensitivity: 3
Adaptability: 2
Temporal_Scale: short-term absorptive capacity
Functional_System: transportation, information
Spatial_Scale: local
Answer: The storm caused specific damage to the infrastructure at the south end of the city, particularly to an old wharf where the Howell tin-dry was situated. This resulted in a disruption of the Howell tin-dry operations, but the overall damage was less severe than expected.",gpt-4
"What specific reason does the City Surveyor give for not entertaining claims for flooding related to the Coteau Harron main sewer during heavy rainstorms, and how does this relate to the historical context of when the sewer was originally constructed?","Region: City of Coteau Harron
Exposure: 4
Sensitivity: 5
Adaptability: 2
Temporal_Scale: short-term absorptive capacity
Functional_System: water, transportation
Spatial_Scale: local
Answer: The City Surveyor does not entertain claims for flooding related to the Coteau Harron main sewer during heavy rainstorms because the sewer was built in 1867 in a low swampy valley, before any houses were constructed. Therefore, the city should not be held responsible for the flooding of houses that were built after the sewer's construction.",gpt-4
"What political responsibility does the city attribute to Westmount municipality regarding the flooding issues associated with the intercepting sewer on St Catherine street, according to the passage?","Region: Westmount municipality
Exposure: 4
Sensitivity: 5
Adaptability: 2
Temporal_Scale: short-term absorptive capacity
Functional_System: water, transportation
Spatial_Scale: local
Answer: The city attributes significant political responsibility to Westmount municipality for the flooding issues associated with the intercepting sewer on St Catherine street. The municipality extended their drainage system without adhering to the plan submitted to the city, causing rapid drainage into city sewers during heavy rainstorms and necessitating the construction of additional sewer infrastructure.",gpt-4
"What specific action has been proposed to temporarily relieve the flooding on St Catherine street, east of Amherst street, and how does the passage suggest holding the municipalities of Lachine and St Henri accountable for the damages caused to Montreal properties?","Region: Montreal
Exposure: 4
Sensitivity: 4
Adaptability: 2
Temporal_Scale: short-term absorptive capacity
Functional_System: water, transportation
Spatial_Scale: local
Answer: The proposed action to temporarily relieve the flooding on St Catherine street, east of Amherst street, involves constructing a sewer between De Lorimier avenue and Papineau road. The document suggests holding the municipalities of Lachine and St Henri accountable for the damages caused to Montreal properties by charging them for the cost of the sewer construction, as per their agreement to be liable for any damages they might cause to the city.",gpt-4
What political impact might the delay in the Finance committee's response to the recommendation for the de Levis street intercepting sewer have on the city's infrastructure planning as outlined in Perival W St George's report?,"Region: City
Exposure: 4
Sensitivity: 5
Adaptability: 2
Temporal_Scale: medium-term adaptive capacity
Functional_System: water, transportation
Spatial_Scale: local
Answer: The delay in the Finance committee's response to the recommendation for the de Levis street intercepting sewer could have significant political impact on the city's infrastructure planning. The delay could potentially exacerbate flooding issues and increase the city's vulnerability to climate change, as the sewer system is crucial for managing water flow and maintaining transportation infrastructure.",gpt-4
"What is the amount owed by the Street Railway company to the city for snow removal from the tracks last winter, and how might this impact the city's financial situation?","Region: Ottawa
Exposure: NA
Sensitivity: NA
Adaptability: NA
Temporal_Scale: medium-term adaptive capacity
Functional_System: transportation
Spatial_Scale: local
Answer: The Street Railway company owes the city $47,000 for removing the snow from the tracks last winter. This debt could impact the city's financial situation, potentially straining resources for other public services or infrastructure.",gpt-4
"What specific impacts did the tornado have on the infrastructure and human health in Galesbima, Ill, particularly concerning the Free Methodist church and the rink?","Region: Galesbima, Ill
Exposure: 5
Sensitivity: 5
Adaptability: NA
Temporal_Scale: short-term absorptive capacity
Functional_System: health, transportation
Spatial_Scale: local
Answer: The tornado had a significant impact on the infrastructure and human health in Galesbima, particularly concerning the Free Methodist church and the rink. The church was destroyed, leading to injuries among the congregation, and the rink was also damaged, though no injuries were reported there.",gpt-4
What specific impacts did the storm have on infrastructure in the principal street and how did these impacts potentially affect human health in the area?,"Region: James Bay, Quebec
Exposure: 4
Sensitivity: 5
Adaptability: 2
Temporal_Scale: medium-term adaptive capacity
Functional_System: health, transportation
Spatial_Scale: local
Answer: The storm caused flooding that affected the infrastructure, particularly the roads, in the area. This had a potential impact on human health as it disrupted traditional means of livelihood such as trapping and fishing, and could lead to uncontrolled hunting and fishing if roads are opened to the public.",gpt-4
"What specific actions did Albert F. Kirkland take to address the human health impacts caused by the storm, and how did these actions relate to the immediate condition of his brother George?","Region: Southeast part of the town
Exposure: NA
Sensitivity: NA
Adaptability: 5
Temporal_Scale: short-term absorptive capacity
Functional_System: health
Spatial_Scale: local
Answer: Albert F. Kirkland took immediate action to rescue his brother George who was trapped under a mass of rubbish in a storm-damaged building. Despite being injured himself, Albert's quick response and adaptability to the emergency situation helped in mitigating the potential health impacts on his brother.",gpt-4
"What specific impact did the storm have on transportation infrastructure in Cheat Faj, Mont, as described in the passage?","OUTPUT FORMAT:
Region: Cheat Faj, Mont
Exposure: 5
Sensitivity: 4
Adaptability: 2
Temporal_Scale: short-term absorptive capacity
Functional_System: transportation
Spatial_Scale: local
Answer: The storm had a significant impact on the transportation infrastructure in Cheat Faj, Mont. The Missouri River rose to unprecedented levels, washing out bridges and halting train services over the Montana Central from Helena. This left many passengers stranded, indicating a high level of exposure and sensitivity, but low adaptability due to the lack of alternative transportation options.",gpt-4
"What specific types of infrastructure were damaged by the cyclone in St. Johns, Que, and how were they affected?","Region: St. Johns, Que
Exposure: 5
Sensitivity: 5
Adaptability: NA
Temporal_Scale: short-term absorptive capacity
Functional_System: transportation, food
Spatial_Scale: local
Answer: The cyclone in St. Johns, Que, caused significant damage to various types of infrastructure. Buildings, barns, and hay presses were completely demolished, and the wharves were considerably damaged. The damage to the food system is evident as the storm destroyed hay storage and pressing facilities. The transportation system was also affected with damage to the wharves and a steamer seeking shelter due to the violent hurricane.",gpt-4
"What specific damages to the shipping infrastructure and vessels in the Louise Basin were caused by last night's storm, and what were the efforts made to mitigate these damages according to the passage?","Region: Louise Basin
Exposure: 5
Sensitivity: 5
Adaptability: 3
Temporal_Scale: short-term absorptive capacity
Functional_System: transportation
Spatial_Scale: local
Answer: The storm caused extensive damage to the shipping infrastructure and vessels in the Louise Basin, with sails torn beyond repair, spars damaged, and vessels drifting out into the stream. Efforts to mitigate these damages included tugboats assisting in rescuing vessels and timber, and extra work being performed to reduce further damages.",gpt-4
"What specific impacts did the storm have on infrastructure and agriculture in the region, particularly concerning the destruction of barns and fences on the Island of Orleans and the damage to roads and railways near the Louise embankment and St. Foy road?","Region: Island of Orleans and surrounding regions
Exposure: 5
Sensitivity: 5
Adaptability: 2
Temporal_Scale: short-term absorptive capacity
Functional_System: transportation, food
Spatial_Scale: regional
Answer: The storm had a significant impact on both infrastructure and agriculture in the region. The destruction of barns and fences on the Island of Orleans and damage to roads and railways near the Louise embankment and St. Foy road indicate a high level of exposure and sensitivity to climate stress. However, the region's adaptability appears to be low, given the widespread damage and disruption to transportation and food systems.",gpt-4
"What specific infrastructure damage did the rainstorm cause to the St. John's and Harbor Grace railway, and how long is it expected to take to repair?","Region: St. John's and Harbor Grace
Exposure: 4
Sensitivity: 5
Adaptability: 3
Temporal_Scale: short-term absorptive capacity
Functional_System: transportation, water
Spatial_Scale: local
Answer: The rainstorm caused serious damage to the St. John's and Harbor Grace railway, particularly between Mannels and Holyrood, interrupting traffic. It is expected to take more than a week to make the necessary repairs.",gpt-4
What political impact does the report of the Road and Finance committees have on the relationship between the city and the corporations of Coie St. Louis and St. Louis de Mile End concerning liability for flood damage?,"Region: Montreal Island
Exposure: 3
Sensitivity: 4
Adaptability: 2
Temporal_Scale: medium-term adaptive capacity
Functional_System: water, transportation
Spatial_Scale: local
Answer: The report of the Road and Finance committees has a significant political impact on the relationship between the city and the corporations of Coie St. Louis and St. Louis de Mile End. It grants these corporations the privilege of draining into the city sewers but holds them responsible for any flood damage, indicating a high sensitivity to climate stressors but limited adaptability due to governance issues.",gpt-4
"Why did Aid. Nolan believe St. Ann's ward should be represented on the inundation committee, and what was the response from other council members?","Region: St. Ann's ward
Exposure: 4
Sensitivity: 3
Adaptability: 2
Temporal_Scale: short-term absorptive capacity
Functional_System: health, transportation
Spatial_Scale: local
Answer: Aid. Nolan believed St. Ann's ward should be represented on the inundation committee because it had suffered most from floods and was most interested in flood prevention. The response from other council members was mixed, with some supporting the addition of Aid. Nolan to the committee, while others questioned his right to demand to be on the committee.",gpt-4
"What political controversy arose regarding the formation of the committee to address flood prevention in St. Ann's ward, as described in the passage?","Region: St. Ann's ward
Exposure: NA
Sensitivity: NA
Adaptability: NA
Temporal_Scale: short-term absorptive capacity
Functional_System: NA
Spatial_Scale: local
Answer: The political controversy arose when Aid. Nolan questioned why St. Ann's ward, which had suffered most from floods, was not represented on the inundation committee. This led to a heated debate, with Aid. Nolan and Stevenson's names being suggested for addition to the committee, causing further disagreements.",gpt-4
What specific human health impacts are mentioned in the passage as a result of the maritime casualties caused by the fierce gales over the coast of Great Britain?,"Region: Great Britain
Exposure: 5
Sensitivity: 5
Adaptability: 3
Temporal_Scale: short-term absorptive capacity
Functional_System: health, transportation
Spatial_Scale: national
Answer: The passage mentions several human health impacts due to maritime casualties caused by fierce gales over the coast of Great Britain. These include injuries from the demolition of structures like the glass roof of the Westminster Aquarium and a printing office in the Haymarket, and fatalities from incidents such as the collapse of a dwelling roof in Leeds.",gpt-4
"What specific measures were taken to ensure the safety of the crew aboard the large steamer stranded at Merry Castle during the blinding storm, and how did these measures impact the crew's health and safety?","Region: Merry Castle, county Wexford
Exposure: 5
Sensitivity: 5
Adaptability: 4
Temporal_Scale: short-term absorptive capacity
Functional_System: transportation, health
Spatial_Scale: local
Answer: The crew aboard the large steamer stranded at Merry Castle during the blinding storm were saved by shooting a rocket across the steamer and rigging a breeches buoy, which allowed for the safe landing of the captain, his wife, and the crew. These measures ensured the crew's health and safety, as they were not much worse for their experience.",gpt-4
"What were the impacts of the snowstorm on transportation infrastructure and human health in Limerick, as described in the passage?","Region: Limerick, Ireland
Exposure: 5
Sensitivity: 4
Adaptability: 3
Temporal_Scale: short-term absorptive capacity
Functional_System: transportation, health
Spatial_Scale: local
Answer: The snowstorm in Limerick caused severe disruptions to the transportation system, blocking all trains on the Waterford and Limerick system and burying a mail cart in the snow. The driver was found half-frozen, indicating potential health impacts due to extreme weather conditions.",gpt-4
What were the specific impacts on human health and infrastructure mentioned in the passage regarding the storms' effects on maritime activities around the Scilly Islands and Cape Spartel?,"Region: Scilly Islands and Cape Spartel
Exposure: 5
Sensitivity: 4
Adaptability: 3
Temporal_Scale: short-term absorptive capacity
Functional_System: health, transportation
Spatial_Scale: local
Answer: The storms had significant impacts on human health and infrastructure around the Scilly Islands and Cape Spartel. The loss of life due to drowning and injuries indicates a high sensitivity to extreme weather events, while the wreckage of ships and disruption of maritime activities highlight the vulnerability of transportation infrastructure.",gpt-4
What specific impacts did the storms have on transportation infrastructure in the region as described in the passage?,"Region: Eastern Mediterranean
Exposure: 5
Sensitivity: 4
Adaptability: NA
Temporal_Scale: short-term absorptive capacity
Functional_System: transportation, communications, energy
Spatial_Scale: regional
Answer: The storms had a significant impact on the transportation infrastructure in the region, causing disruptions from Turkey to the Red Sea. The continuous winter rainfall and other destructive weather conditions such as torrential rains and high winds were the primary causes of these disruptions.",gpt-4
How does the reluctance of the police to enforce the city ordinance regarding snow shoveling after nine in the morning highlight the political challenges faced by city officials in maintaining consistent sidewalk conditions on Craig street compared to the systemized approach on St. Denis street?,"OUTPUT FORMAT (follow this exact structure):
Region: City Streets (Craig street and St. Denis street)
Exposure: 3
Sensitivity: 4
Adaptability: 2
Temporal_Scale: short-term absorptive capacity
Functional_System: transportation
Spatial_Scale: local
Answer: The reluctance of the police to enforce the city ordinance regarding snow shoveling after nine in the morning on Craig street highlights the political challenges faced by city officials in maintaining consistent sidewalk conditions. In contrast, St. Denis street follows a systemized approach, demonstrating better adaptability and resilience to climate stressors.",gpt-4
"What specific impact did the cyclone have on the telegraph infrastructure, and how did it affect business communication between the Atlantic provinces and Chicago?","{
""Region"": ""Atlantic provinces and Chicago"",
""Exposure"": 5,
""Sensitivity"": 5,
""Adaptability"": 2,
""Temporal_Scale"": ""short-term absorptive capacity"",
""Functional_System"": ""information"",
""Spatial_Scale"": ""regional"",
""Answer"": ""The cyclone had a severe impact on the telegraph infrastructure, causing widespread damage and paralyzing business communication between the Atlantic provinces and Chicago. The telegraph system showed high sensitivity to the cyclone, with the storm causing wholesale destruction of wires and nearly halting all communication. The adaptability of the system was low, as full recovery details could not be obtained due to the extent of the damage.""
}",gpt-4
"What specific challenges did the storm create for communication infrastructure and economic activities, particularly affecting the Board of Trade and Stock Exchange, as described in this passage?","Region: Capital City (exact location not specified)
Exposure: 5
Sensitivity: 4
Adaptability: 3
Temporal_Scale: short-term absorptive capacity
Functional_System: information
Spatial_Scale: regional
Answer: The storm created significant challenges for communication infrastructure, causing widespread destruction of wires and poles over large stretches. This severely affected economic activities, particularly at the Board of Trade and Stock Exchange, which experienced a standstill until emergency repair efforts restored minimal communication for necessary messages.",gpt-4
What specific infrastructure and economic impacts did the severe storm have on Coney Island and the surrounding areas as detailed in the passage?,"Region: Coney Island and surrounding areas
Exposure: 5
Sensitivity: 4
Adaptability: 3
Temporal_Scale: short-term absorptive capacity
Functional_System: transportation, information
Spatial_Scale: local
Answer: The severe storm caused significant damage to property and infrastructure in Coney Island and surrounding areas, including the destruction of yachts, small boats, and communication wires. The storm's impact was felt keenly due to its timing, disrupting trade and causing issues at the Board of Trade and Stock Exchange. Despite the damage, telegraph companies were able to restore some communication, indicating a degree of adaptability.",gpt-4
"What were the specific impacts of the storm on the ferry services, agricultural crops, and high pasture lands in the Kingston, Ontario area on August 29, as described in the passage?","Region: Kingston, Ontario
Exposure: 5
Sensitivity: 4
Adaptability: 3
Temporal_Scale: short-term absorptive capacity
Functional_System: transportation, food
Spatial_Scale: local
Answer: The storm had a significant impact on the ferry services, causing the Transit to abandon one of its regular trips and the Spartan to delay its departure. The agricultural crops were severely damaged, with grain potentially ruined and corn crops thrashed out or laid in the mud. However, the high pasture lands benefited from the rain after a season of drought.",gpt-4
"What specific damage did the storm cause to the infrastructure and agriculture in the areas mentioned, and how did it affect the Experimental Farm and the city streets?","Region: Ottawa, Montreal, Toronto
Exposure: 5
Sensitivity: 4
Adaptability: 3
Temporal_Scale: short-term absorptive capacity
Functional_System: transportation, food
Spatial_Scale: local, regional
Answer: The storm caused significant damage to the infrastructure, with streets cut up by floods, sewers choked, and telephone and telegraph wires down. The Experimental Farm was also affected, with four inches of rain and high winds damaging the nearly ripe sunflower field. In Montreal, about 160,000 trees were damaged, affecting both the city streets and parks.",gpt-4
"What were the specific impacts on human outdoor activities in Montreal due to the West India cyclone, as described in the passage?","Region: Montreal
Exposure: 4
Sensitivity: 3
Adaptability: 2
Temporal_Scale: short-term absorptive capacity
Functional_System: transportation, health
Spatial_Scale: local
Answer: The West India cyclone had a significant impact on outdoor activities in Montreal, causing heavy rainfall and making outdoor life unpleasant. As a result, all outdoor labor was stopped, indicating a high level of exposure and sensitivity to the event. However, the adaptability score is lower due to lack of information on the city's capacity to adjust to such climate stimuli.",gpt-4
"What specific challenges did the Road department face with the William Street sewer during the heavy rainfall, and how did these challenges affect transportation and communication infrastructure according to the passage?","Region: William Street
Exposure: 5
Sensitivity: 5
Adaptability: 2
Temporal_Scale: short-term absorptive capacity
Functional_System: transportation, information
Spatial_Scale: local
Answer: The Road department faced significant challenges with the William Street sewer during heavy rainfall, as the sewer could barely carry off the flow, leading to other sewers getting choked up. This severely affected the transportation infrastructure, rendering the Wellington street subway practically useless and forcing pedestrians and streetcar passengers to find alternative routes. The communication infrastructure was also heavily impacted, with the storm damaging telegraph, telephone, and fire alarm wires, making communication with outside points difficult, if not impossible.",gpt-4
How did the snowstorm impact traffic in Western Canadian cities and various points in the United States according to the passage?,"Region: Western Canadian Cities and Various Points in the United States
Exposure: 5
Sensitivity: 5
Adaptability: NA
Temporal_Scale: short-term absorptive capacity
Functional_System: transportation
Spatial_Scale: regional
Answer: The snowstorm had a severe impact on traffic in Western Canadian cities and various points in the United States, paralyzing transportation systems. The document chunk reports ""the electric car services in all the important points west of Toronto had been completely paralyzed"" and ""from all points in the Western states come the same reports of unprecedented snowfalls and heavy winds.""",gpt-4
How did the snowstorm affect the electric car services in the areas west of Toronto according to the passage?,"Region: Western Ontario, Canada
Exposure: 5
Sensitivity: 5
Adaptability: 2
Temporal_Scale: short-term absorptive capacity
Functional_System: energy, transportation
Spatial_Scale: regional
Answer: The severe snowstorm significantly affected the electric car services in areas west of Toronto, causing complete paralysis of the system. The system showed high sensitivity and exposure to the extreme weather event, but adaptability was low as the services were unable to adjust and continue functioning during the storm.",gpt-4
"How did the snowstorm affect the operation of streetcar services and business activities in Toronto, St. Catharines, and London, Ontario, as described in the passage?","{
""Region"": ""Toronto, St. Catharines, and London, Ontario"",
""Exposure"": 5,
""Sensitivity"": 5,
""Adaptability"": 2,
""Temporal_Scale"": ""short-term absorptive capacity"",
""Functional_System"": ""energy, transportation"",
""Spatial_Scale"": ""local"",
""Answer"": ""The snowstorm severely affected the operation of streetcar services and business activities in Toronto, St. Catharines, and London, Ontario. The transportation system was highly sensitive to the storm, with streetcar services being blocked and traffic generally demoralized. The energy system also showed high sensitivity as electricity gave way to horse power in some areas. Despite the high exposure and sensitivity, the cities showed some adaptability by keeping some electric cars running and trains operating, albeit with delays.""
}",gpt-4
"How did the snowstorm affect the operation of horse cars and electric lines in Niagara Falls, Ontario, on February 12, as described in the passage?","{
""Region"": ""Niagara Falls, Ontario"",
""Exposure"": 5,
""Sensitivity"": 5,
""Adaptability"": 2,
""Temporal_Scale"": ""short-term absorptive capacity"",
""Functional_System"": ""transportation, energy"",
""Spatial_Scale"": ""local"",
""Answer"": ""The snowstorm on February 12 had a severe impact on the operation of horse cars and electric lines in Niagara Falls, Ontario. The horse cars to Drummondville shut down early in the afternoon and the electric lines on both sides of the river ceased operation after battling the storm. The transportation system showed high sensitivity and exposure to the extreme weather event, but low adaptability due to the complete suspension of traffic.""
}",gpt-4
"How did the snowstorm specifically impact the railway and streetcar services in Windsor, and what were the broader effects on local business activities?","Region: Windsor, Ontario
Exposure: 5
Sensitivity: 5
Adaptability: 2
Temporal_Scale: short-term absorptive capacity
Functional_System: transportation, business
Spatial_Scale: local
Answer: The snowstorm severely impacted the railway and streetcar services in Windsor, causing them to suspend operations. This had broader effects on local business activities, with traffic and business of all kinds almost entirely suspended due to the extreme weather conditions.",gpt-4
How has the extreme weather and high wind velocity of the blizzard impacted transportation infrastructure and human safety in the affected areas according to the passage?,"{
""Region"": ""Chicago and Detroit"",
""Exposure"": 5,
""Sensitivity"": 5,
""Adaptability"": 2,
""Temporal_Scale"": ""short-term absorptive capacity"",
""Functional_System"": ""transportation, health"",
""Spatial_Scale"": ""local"",
""Answer"": ""The extreme weather and high wind velocity of the blizzard have severely impacted transportation infrastructure, with ferry boats almost deserted and trains delayed. Human safety is also at high risk, as many people have been injured by being blown to the ground, against walls and street posts by the wind.""
}",gpt-4
What specific injuries did Mrs. Brahany sustain due to the intense wind conditions near the Monadnock annex block during the blizzard?,"Region: Chicago
Exposure: 5
Sensitivity: 5
Adaptability: 2
Temporal_Scale: short-term absorptive capacity
Functional_System: health, transportation
Spatial_Scale: local
Answer: Mrs. Brahany sustained severe injuries due to the intense wind conditions near the Monadnock annex block during the blizzard. She was lifted in the air and dashed against a fireplug, resulting in two broken ribs and possible internal injuries.",gpt-4
What specific impacts on infrastructure are described in the passage as a result of the snowstorm at the stockyards and the Leland hotel?,"Region: ""Dearborn street at Van Buren"", ""the stockyards"", ""the Leland hotel"", ""97th street and Stoney avenue""
Exposure: 5
Sensitivity: 4
Adaptability: 3
Temporal_Scale: short-term absorptive capacity
Functional_System: transportation
Spatial_Scale: local
Answer: The snowstorm caused significant impacts on infrastructure, particularly transportation. At the stockyards, business was practically suspended due to the snow, with stock trains arriving late and covered in snow. The Leland hotel also experienced damage, with a large front window being blown in by the storm, though it was boarded up before any serious damage occurred. The storm also disrupted mail delivery, with nearly all mail trains arriving late.",gpt-4
"How did the snowstorm impact train operations and human health in the areas mentioned, particularly in terms of accidents and emergency services?","Region: Britain, Central Illinois, Fort Wayne, Indiana, Wabash, New York, Saranac Lake
Exposure: 5
Sensitivity: 5
Adaptability: 3
Temporal_Scale: short-term absorptive capacity
Functional_System: health, transportation
Spatial_Scale: regional
Answer: The snowstorm had a severe impact on train operations, causing delays, cancellations, and accidents due to track conditions and speed restrictions. The health system was also strained, with emergency services being busy throughout the day and hospitals experiencing overcrowding and bed shortages.",gpt-4
"How has the severe weather described in the passage impacted the health and safety of the poorly clad and half-housed people on the big prairie north of Wabash, and what specific conditions are contributing to their suffering?","{
""Region"": ""Big prairie north of Wabash"",
""Exposure"": 5,
""Sensitivity"": 5,
""Adaptability"": 1,
""Temporal_Scale"": ""short-term absorptive capacity"",
""Functional_System"": ""health, transportation"",
""Spatial_Scale"": ""local"",
""Answer"": ""The severe weather, characterized by heavy snowstorms and extreme cold, has greatly impacted the health and safety of the poorly clad and half-housed people on the big prairie north of Wabash. Their suffering is exacerbated by specific conditions such as inadequate clothing and housing, and the suspension of transportation services due to the weather conditions.""
}",gpt-4
"How has the severe snowstorm specifically affected the transportation infrastructure and agricultural market supply in New York City, as described in the passage?","Region: New York City
Exposure: 4
Sensitivity: 3
Adaptability: 2
Temporal_Scale: short-term absorptive capacity
Functional_System: transportation, food
Spatial_Scale: local
Answer: The severe snowstorm has significantly affected the transportation infrastructure in New York City, causing a 100-car pileup due to blinding conditions. The agricultural market supply, specifically the rubber supply from Brazil, is also impacted due to market exchange issues and is expected to last only a few weeks.",gpt-4
"How have life-saving crews responded to the severe snowstorm and its impact on maritime safety along the New Jersey and Long Island coast, according to the passage?","Region: New Jersey and Long Island coast
Exposure: 5
Sensitivity: 4
Adaptability: 3
Temporal_Scale: short-term absorptive capacity
Functional_System: transportation, information
Spatial_Scale: local
Answer: The severe snowstorm has greatly impeded transportation and communication systems along the New Jersey and Long Island coast. Life-saving crews have doubled their patrols and are on high alert to promptly respond to distress signals, demonstrating a degree of adaptability despite the challenging conditions.",gpt-4
How has the blizzard in Nebraska specifically impacted Omaha's transportation infrastructure and the delivery of mail services?,"Region: Omaha, Nebraska
Exposure: 5
Sensitivity: 5
Adaptability: 2
Temporal_Scale: short-term absorptive capacity
Functional_System: transportation, information
Spatial_Scale: local
Answer: The blizzard in Nebraska has severely impacted Omaha's transportation infrastructure, with all forms of traffic suspended due to the heavy snowfall. The delivery of mail services is also experiencing difficulties, indicating a high level of exposure and sensitivity to the extreme weather event, but a low adaptability due to the inability to adjust to the climate stimuli.",gpt-4
"What specific impacts did the snowstorm have on train operations and infrastructure in Fremont, Ohio, as described in the passage?","{
""Region"": ""Fremont, Ohio"",
""Exposure"": 5,
""Sensitivity"": 5,
""Adaptability"": 2,
""Temporal_Scale"": ""short-term absorptive capacity"",
""Functional_System"": ""transportation"",
""Spatial_Scale"": ""local"",
""Answer"": ""The snowstorm had severe impacts on train operations and infrastructure in Fremont, Ohio. It led to the suspension of nearly all train services, with freight trains colliding due to poor visibility, resulting in significant damage to engines and freight cars.""
}",gpt-4
"How did the unexpected Kansas blizzard impact the operation of street railways and railway trains in St. Louis, and what were the recorded weather conditions during this event?","{
""Region"": ""St. Louis, Missouri"",
""Exposure"": 5,
""Sensitivity"": 5,
""Adaptability"": 2,
""Temporal_Scale"": ""short-term absorptive capacity"",
""Functional_System"": ""transportation"",
""Spatial_Scale"": ""local"",
""Answer"": ""The unexpected Kansas blizzard had a severe impact on the operation of street railways and railway trains in St. Louis. The weather conditions included rain, hail, sleet, and snow with a high wind, causing the street railways to abandon efforts to run cars until the tracks were cleared by snow plows. All the railway trains that were not abandoned entirely were late.""
}",gpt-4
"How have the severe weather conditions in Mississippi, particularly the cyclone near Newton and between Martinsville and Beauregard, impacted the infrastructure, specifically the telegraph wires, and what are the consequences for communication in the region?","Region: Mississippi
Exposure: 5
Sensitivity: 5
Adaptability: 2
Temporal_Scale: short-term absorptive capacity
Functional_System: transportation, information
Spatial_Scale: regional
Answer: The severe weather conditions, particularly the cyclone near Newton and between Martinsville and Beauregard, have had a significant impact on the infrastructure in Mississippi, especially the telegraph wires. The cyclone has caused widespread damage, snapping many wires due to the weight of ice, and disrupting communication across the region.",gpt-4
"How did the snowstorm described in the passage impact transportation infrastructure and services in Kansas and Missouri, and what were the effects on human activities such as schooling and communication?","Region: Kansas and Missouri
Exposure: 5
Sensitivity: 5
Adaptability: 3
Temporal_Scale: short-term absorptive capacity
Functional_System: transportation, education, information
Spatial_Scale: regional
Answer: The snowstorm had a significant impact on the transportation infrastructure in Kansas and Missouri, with all railroads in Kansas blockaded with snow and street railway services paralyzed in towns. Human activities such as schooling were also affected with many schools closed, but the telegraph service remained functional despite the weather conditions.",gpt-4
"How did the blizzard impact railway operations in New York, and what historical comparisons are made to highlight the severity of this storm?","{
""Region"": ""New York"",
""Exposure"": 5,
""Sensitivity"": 4,
""Adaptability"": 3,
""Temporal_Scale"": ""short-term absorptive capacity"",
""Functional_System"": ""transportation"",
""Spatial_Scale"": ""local"",
""Answer"": ""The blizzard had a severe impact on railway operations in New York, causing significant delays and disruptions. The storm is compared to the blizzard of 1888, highlighting its severity.""
}",gpt-4
How did the snowfall and drifting during the blizzard affect the trenches dug by the street railroads for transforming the motive power from cable to electricity?,"{
""Region"": ""New York and Boston"",
""Exposure"": 5,
""Sensitivity"": 5,
""Adaptability"": 2,
""Temporal_Scale"": ""short-term absorptive capacity"",
""Functional_System"": ""transportation, energy"",
""Spatial_Scale"": ""local, regional"",
""Answer"": ""The snowfall and drifting during the blizzard had a significant impact on the trenches dug by the street railroads for transforming the motive power from cable to electricity. The snow drifts filled up the trenches and formed barriers across the streets, rendering the trolley lines inoperative and blocking the transformation process.""
}",gpt-4
How did the heavy snow and sleet specifically impact the operation of the underground trolley lines compared to the cable roads in the city?,"Region: City and surrounding regions
Exposure: 5
Sensitivity: 5
Adaptability: 2
Temporal_Scale: short-term absorptive capacity
Functional_System: transportation
Spatial_Scale: local
Answer: The heavy snow and sleet severely impacted the operation of the underground trolley lines, rendering them inoperative due to the filling up of the slot by freezing sleet and snow. In contrast, the cable roads were more fortunate and remained functional, indicating a higher resilience in the face of such extreme weather events.",gpt-4
What specific impact did the snow have on the mail train from Boston and subsequent mail delivery as reported by the superintendent of mails in the general Post Office?,"Region: Boston, Chicago, Omaha, Quebec, Colorado, Illinois, Indiana
Exposure: 5
Sensitivity: 5
Adaptability: 2
Temporal_Scale: short-term absorptive capacity
Functional_System: transportation, information
Spatial_Scale: regional
Answer: The snow had a significant impact on the mail train from Boston, causing severe delays in mail delivery as reported by the superintendent of mails in the general Post Office. The mail train from Boston, due at 6 a.m., had not been heard from, nor had the mails been received up to 10 o'clock that night.",gpt-4
"What measures did the police implement in response to the snowstorm, and what were the consequences of these measures on the individuals brought to the police courts?","Region: New England, USA
Exposure: 4
Sensitivity: 3
Adaptability: 3
Temporal_Scale: short-term absorptive capacity
Functional_System: transportation, food
Spatial_Scale: local
Answer: In response to the snowstorm, the police implemented relief measures such as providing emergency aid and payment guarantees to welfare recipients who lost food during the storm. However, these measures had mixed consequences. While they helped some individuals purchase food, others were negatively affected, such as those wrongfully arrested or detained in police cells, and landlords whose properties were damaged during police raids.",gpt-4
"How did the November blizzard specifically impact telecommunication and transportation infrastructure in New England, and what were the consequences for the railroads and electric companies due to the ignored weather warnings?","Region: New England
Exposure: 5
Sensitivity: 5
Adaptability: 2
Temporal_Scale: short-term absorptive capacity
Functional_System: transportation, information
Spatial_Scale: regional
Answer: The November blizzard severely impacted telecommunication and transportation infrastructure in New England, with traffic completely demoralized and telegraphic and telephonic communication nearly paralyzed. The railroads and electric companies, having ignored weather warnings, were caught unprepared and suffered significant disruptions and damages.",gpt-4
"How did the damp snow affect the electric car service in cities and towns during the storm, and what was the impact on Wellington Street in this city?","{
""Region"": ""New England, Western Ontario, Great Britain, Europe"",
""Exposure"": 5,
""Sensitivity"": 5,
""Adaptability"": 2,
""Temporal_Scale"": ""short-term absorptive capacity"",
""Functional_System"": ""energy, transportation"",
""Spatial_Scale"": ""local, community, regional"",
""Answer"": ""The damp snow caused severe disruption to the electric car service in cities and towns during the storm, with the snow packing hard on the rails and stalling the cars. On Wellington Street, only a dozen cars were attempted to be run, indicating a significant impact on transportation in this area.""
}",gpt-4
"How did the storm affect train travel between Providence and New London, and what specific infrastructure issues were encountered along this route?","{
""Region"": ""Providence to New London route"",
""Exposure"": 5,
""Sensitivity"": 5,
""Adaptability"": 2,
""Temporal_Scale"": ""short-term absorptive capacity"",
""Functional_System"": ""transportation"",
""Spatial_Scale"": ""regional"",
""Answer"": ""The storm caused severe delays in train travel between Providence and New London, with trains encountering 'terrific drifts' and being stalled nearly all day due to freight wrecks. The specific infrastructure issues encountered included blocked tracks and disrupted communication, indicating a high level of exposure and sensitivity to the storm, but low adaptability due to the inability to quickly resolve these issues.""
}",gpt-4
"What specific impacts did the snowstorm have on transportation and human safety in Hartford, Connecticut, as described in the passage?","Region: Hartford, Connecticut
Exposure: 5
Sensitivity: 5
Adaptability: 3
Temporal_Scale: short-term absorptive capacity
Functional_System: transportation, health
Spatial_Scale: local
Answer: The snowstorm had a significant impact on transportation in Hartford, Connecticut, with trains on the New York, New Haven and Hartford Railroad being severely delayed and trolley travel suspended. The storm also had a direct impact on human safety, as evidenced by the death of an electrician who was struck by a snow plow while clearing the track.",gpt-4
"How did the snowstorm specifically impact the infrastructure of St. John B, particularly concerning the churches and street railway service?","Region: St. John B
Exposure: 5
Sensitivity: 4
Adaptability: 2
Temporal_Scale: short-term absorptive capacity
Functional_System: transportation
Spatial_Scale: local
Answer: The severe snowstorm had a significant impact on the infrastructure of St. John B, particularly the churches and street railway service. The wind caused damage to the chimneys and stained glass windows of St. Luke's and the Coburg Street churches, and the snow drifts led to the suspension of the street railway service.",gpt-4
What were the specific impacts of the blizzard on transportation and human health in the regions affected by the recent snowstorm in Great Britain and surrounding areas?,"{
""Region"": ""Great Britain and surrounding areas"",
""Exposure"": 5,
""Sensitivity"": 4,
""Adaptability"": 3,
""Temporal_Scale"": ""short-term absorptive capacity"",
""Functional_System"": ""health, transportation"",
""Spatial_Scale"": ""regional"",
""Answer"": ""The recent blizzard in Great Britain and surrounding areas had severe impacts on transportation and human health. Transportation was heavily disrupted, with trains being blown off rails, mail services delayed, and boats lost at sea. The blizzard also led to fatalities, with three men perishing in the snow in the Highlands.""
}",gpt-4
What specific human health impacts occurred to the recruits on board during the storm as mentioned in the passage?,"Region: Great Britain
Exposure: 5
Sensitivity: 4
Adaptability: 3
Temporal_Scale: short-term absorptive capacity
Functional_System: health, transportation
Spatial_Scale: regional
Answer: The recruits on board during the storm experienced severe health impacts, with some being killed or injured. This indicates a high level of exposure and sensitivity to extreme weather events, and a need for improved emergency response capacity.",gpt-4
"What specific impact did the storm have on the infrastructure and economic activities in Halifax as mentioned in the passage, and how did the Sparham Fireproof Roofing Company position its product in response to this type of severe weather?","Region: Halifax
Exposure: 5
Sensitivity: 4
Adaptability: 3
Temporal_Scale: short-term absorptive capacity
Functional_System: transportation, infrastructure
Spatial_Scale: local
Answer: The storm had a significant impact on Halifax's infrastructure and economic activities, with severe damage to buildings and vessels, and disruption to transportation and trade. The Sparham Fireproof Roofing Company positioned its product as a reliable solution for the local climate, emphasizing its durability, ease of repair, and ability to withstand severe weather conditions.",gpt-4
How did the recent heavy snowstorms specifically affect the train schedules on different railway lines mentioned in the passage?,"Region: North Britain, Midlands, New Brunswick, Isle of Wight, Ontario
Exposure: 5
Sensitivity: 5
Adaptability: 2
Temporal_Scale: short-term absorptive capacity
Functional_System: transportation
Spatial_Scale: regional
Answer: The recent heavy snowstorms severely affected train schedules on different railway lines, causing delays, blockades, and accidents. The storms crippled railway traffic in Manchester, blocked almost every branch railway in New Brunswick, and caused delays on the Grand Trunk and Canadian Pacific railway lines in Ontario.",gpt-4
How did the six-inch snowfall affect train schedules in the city according to the passage?,"Region: Montreal
Exposure: 4
Sensitivity: 3
Adaptability: 2
Temporal_Scale: short-term absorptive capacity
Functional_System: transportation
Spatial_Scale: local
Answer: The six-inch snowfall in Montreal led to the cancellation of the commuter GO Train service for the weekend for track clearance. Via Rail also ran on a modified schedule with fewer trains. The city's adaptability was challenged due to the sudden weather change, causing disruptions in the transportation system.",gpt-4
How did the snowstorm specifically affect railway communication and mail delivery in the context of Mr. Graham's Montreal & Toronto Railway and the mail trains at Three Rivers?,"{
""Region"": ""Montreal & Toronto Railway and Three Rivers"",
""Exposure"": 5,
""Sensitivity"": 5,
""Adaptability"": 2,
""Temporal_Scale"": ""short-term absorptive capacity"",
""Functional_System"": ""transportation, information"",
""Spatial_Scale"": ""local, regional"",
""Answer"": ""The snowstorm severely affected railway communication and mail delivery, causing delays and interruptions in the Montreal & Toronto Railway and at Three Rivers. The railway system was highly sensitive to the climate stress, with trains getting stuck and mail delivery being delayed. The adaptability was low, as it took several days to restore normal conditions, indicating a lack of efficient emergency response systems.""
}",gpt-4
"How did the heavy snowstorm on March 20 affect the infrastructure or human health in the areas mentioned, such as Plattsburg, Ausable Forks, Port Henry, and Whitehall?","Region: Plattsburg, Ausable Forks, Port Henry, and Whitehall
Exposure: 4
Sensitivity: 3
Adaptability: NA
Temporal_Scale: short-term absorptive capacity
Functional_System: transportation, health
Spatial_Scale: local
Answer: The heavy snowstorm on March 20 resulted in significant snowfall across the mentioned areas, with Plattsburg receiving ten inches, Ausable Forks eight, Port Henry six, and Whitehall five inches. This likely affected transportation systems and could have potential impacts on human health, especially for those with limited access to healthcare or those who are vulnerable to cold weather. The document chunks do not provide information on the adaptability of these areas to such climate events.",gpt-4
"What were the specific impacts of the storm on human life and the oyster industry as detailed in the passage about the collision at the mouth of the Wicomico River, Virginia?","Region: Wicomico River, Virginia
Exposure: 5
Sensitivity: 5
Adaptability: 2
Temporal_Scale: short-term absorptive capacity
Functional_System: health, transportation
Spatial_Scale: local
Answer: The storm had severe impacts on human life and the oyster industry. The collision of the oyster pungie Jasper and Industry led to the loss of human lives and the sinking of the Jasper, indicating a high exposure and sensitivity to the climate event. The inability of boats to reach the Jasper in the darkness shows a lack of adaptability in emergency response.",gpt-4
"What specific impacts did the severe winter have on the infrastructure and agriculture in the areas mentioned, and how did these conditions affect human health, as demonstrated by the situation in the passage?","Region: Quebec, Canada
Exposure: 3
Sensitivity: 4
Adaptability: 2
Temporal_Scale: medium-term adaptive capacity
Functional_System: health, water, transportation
Spatial_Scale: local
Answer: The severe winter conditions, including flooding and blizzards, had a significant impact on the local infrastructure, particularly affecting the Hydro-Quebec projects and traditional means of living such as trapping. These conditions also disrupted the health care and education services provided by Hydro-Quebec. However, the local community showed resistance to adaptability measures such as job opportunities at Hydro sites and new roads, expressing a desire to maintain their traditional way of life.",gpt-4
"What specific challenges did Aid Patrick Kennedy and Aid Laurent face regarding snow removal in Point St. Charles, and what economic resources and manpower were already being utilized to address these issues?","Region: Point St. Charles
Exposure: 4
Sensitivity: 3
Adaptability: 2
Temporal_Scale: short-term absorptive capacity
Functional_System: transportation
Spatial_Scale: local
Answer: Aids Patrick Kennedy and Laurent faced challenges in snow removal in Point St. Charles due to the huge piles of snow accumulated on the streets, causing inconvenience to residents and interfering with traffic to merchants' stores. The city had already expended $30,000 and employed 750 men and 450 carters for snow removal, indicating a high level of resource utilization.",gpt-4
What specific impact did the snowstorm have on the Canada Atlantic train according to the passage?,"Region: Canada Atlantic
Exposure: 5
Sensitivity: 4
Adaptability: 3
Temporal_Scale: short-term absorptive capacity
Functional_System: transportation
Spatial_Scale: regional
Answer: The snowstorm had a significant impact on the Canada Atlantic train, causing delays and blockages. Despite the adverse conditions, the train officials managed to clear the tracks and maintain some level of service, although with delays.",gpt-4
How did the snowstorm impact the legal proceedings involving Mr. Charles Buise and what were the implications for public health due to the unresolved jurisdictional dispute between the road and police departments in Montreal?,"Region: Montreal
Exposure: 4
Sensitivity: 3
Adaptability: 2
Temporal_Scale: short-term absorptive capacity
Functional_System: health, transportation, information
Spatial_Scale: local
Answer: The snowstorm caused a delay in the legal proceedings involving Mr. Charles Buise as he was unable to present himself due to the weather conditions. The unresolved jurisdictional dispute between the road and police departments in Montreal has implications for public health, as the inability to address the deposit of filth left by the storm could lead to a potential public health hazard.",gpt-4
"What concerns do residents have about the health impacts of dumping dirty snow in vacant lots, as mentioned in the passage?","Region: Montreal
Exposure: 4
Sensitivity: 3
Adaptability: 2
Temporal_Scale: short-term absorptive capacity
Functional_System: health, water
Spatial_Scale: local
Answer: Residents are concerned about the potential health impacts of dirty snow dumped in vacant lots, as the melted snow could cause a nuisance when the hot weather comes. The city's snow-clearing operations are ongoing, but there is a lack of adaptability due to restrictions on dumping snow from private properties onto the street.",gpt-4
How did the flood specifically affect the operations at the Custom House and the transportation methods used by the clerks to exit the building?,"Region: Montreal
Exposure: 5
Sensitivity: 4
Adaptability: 3
Temporal_Scale: short-term absorptive capacity
Functional_System: transportation, water
Spatial_Scale: local
Answer: The flood significantly affected the operations at the Custom House and the transportation methods used by the clerks. The Custom House was flooded to a depth of several feet, making it impossible to get past it. The clerks had to use boats and carts to exit the building due to the high water levels.",gpt-4
How did the flooding impact the operations and infrastructure of the police and fire stations in the affected area?,"Region: Quebec, Canada and Shandong, China
Exposure: 4
Sensitivity: 4
Adaptability: 3
Temporal_Scale: short-term absorptive capacity
Functional_System: transportation, water
Spatial_Scale: local, regional
Answer: The flooding significantly impacted the operations and infrastructure of the police and fire stations in the affected areas. In Quebec, the flooding led to a potential cut in the fire department's budget and the elimination of 124 firefighters in 36 stations over the next two years. In Shandong, the flooding affected more than 559,000 people and caused evacuations, indicating a disruption in local emergency services.",gpt-4
"How did the flood, caused by the breaking-up of ice above the Lachine Rapids, specifically impact the infrastructure and human activities at the Point police station and the fire station on Centre Street?","Region: Point police station and the fire station on Centre Street
Exposure: 5
Sensitivity: 5
Adaptability: 2
Temporal_Scale: short-term absorptive capacity
Functional_System: transportation, water
Spatial_Scale: local
Answer: The flood caused by the breaking-up of ice above the Lachine Rapids had a significant impact on the infrastructure and human activities at the Point police station and the fire station on Centre Street. The police station had five feet of water in the cellar, and the fire station was cut off by several feet of water, disrupting transportation and water systems.",gpt-4
"What specific infrastructural damage was caused by the moving ice and accompanying flood in the area between Vaudreuil and St. Johns, and how does this compare to the flood of 1861 in terms of economic and ecological impact according to the passage?","Region: Vaudreuil to St. Johns
Exposure: 5
Sensitivity: 5
Adaptability: 2
Temporal_Scale: short-term absorptive capacity
Functional_System: water, transportation
Spatial_Scale: local
Answer: The moving ice and accompanying flood caused significant infrastructural damage, taking with it wharves and buildings close to the shore. The flood in Montreal surpassed that of the year 1861, covering the country for miles on the south side of the river, and causing damage to the mining industry and local infrastructure such as the police station and fire station. The economic and ecological impact was severe, with the flooding causing the displacement of people and the temporary halt of mining operations.",gpt-4
"What specific areas in the city have been newly affected by the floodwaters, and how has this impacted the infrastructure such as streets and cellars?","Region: Prairie Village, St. Johns, Victoria Square, Vitre Street, Chenneville and St. George Streets
Exposure: 5
Sensitivity: 5
Adaptability: 2
Temporal_Scale: short-term absorptive capacity
Functional_System: water, transportation
Spatial_Scale: local
Answer: The floodwaters have newly affected areas in the city including Craig Street, St. Antoine Street, Victoria Square, and Vitre Street, causing significant damage to the infrastructure. Streets like William Street are flooded and cellars in the neighborhood are filled with water, indicating a high level of exposure and sensitivity to climate stress. The city's adaptability appears to be low, as evidenced by the overflowing of the Coteau Harron main sewer and the need for new intercepting sewers.",gpt-4
"What specific challenges did the Central fire station on Craig Street face during the flooding, and how did the firemen adapt to these conditions according to the passage?","Region: Central Fire Station on Craig Street
Exposure: 5
Sensitivity: 5
Adaptability: 4
Temporal_Scale: short-term absorptive capacity
Functional_System: transportation, water
Spatial_Scale: local
Answer: The Central Fire Station on Craig Street faced significant challenges during the flooding, with water surrounding the station and invading the men's bedroom, rendering the floor of the station under water. The firemen adapted by using boats to move in and out of the station, and Joe Vincent, who slept at the station, had brought boats on express wagons to be ready for any emergency.",gpt-4
"What specific challenges did the flooding present to the Central fire station and its personnel, and how did these challenges impact the firemens ability to respond effectively?","Region: Central Fire Station, Craig Street
Exposure: 5
Sensitivity: 4
Adaptability: 3
Temporal_Scale: short-term absorptive capacity
Functional_System: transportation, water
Spatial_Scale: local
Answer: The flooding presented significant challenges to the Central Fire Station and its personnel, as the station was surrounded by water, impeding the firemen's ability to move in and out without a boat. This situation increased their response time and made their movements slower and heavier, impacting their ability to respond effectively to emergencies.",gpt-4
"How did the flooding impact transportation and commerce between Wellington and St. Peter Streets, and what unique business practices emerged as a result?","OUTPUT FORMAT (follow this exact structure):
Region: Wellington and St. Peter Streets
Exposure: 5
Sensitivity: 4
Adaptability: 3
Temporal_Scale: short-term absorptive capacity
Functional_System: transportation, commerce
Spatial_Scale: local
Answer: The flooding severely impacted transportation and commerce between Wellington and St. Peter Streets, with three feet of water on the ground floor of the main building and numerous accidents reported. Unique business practices emerged as merchants and their employees adapted by conveying goods and people to and from different stores at high prices, and some individuals resorted to theft.",gpt-4
"How did the flooding impact the ability of residents around St. Paul Street to access food, and what specific infrastructure issues did they face in attempting to return home?","Region: St. Paul Street
Exposure: 5
Sensitivity: 5
Adaptability: 2
Temporal_Scale: short-term absorptive capacity
Functional_System: food, water, transportation
Spatial_Scale: local
Answer: The flooding severely impacted the residents' ability to access food due to spoiled food in refrigerators and potential increase in demand for food among low-income individuals. Infrastructure issues included extensive damage to residences, lack of running water and electricity, and uncertainty about when they could return home.",gpt-4
"What specific impacts did the flood have on the infrastructure between Craig and Vitre Streets, and how did residents adapt to these conditions?","OUTPUT FORMAT:
Region: Craig and Vitre Streets
Exposure: 5
Sensitivity: 5
Adaptability: 3
Temporal_Scale: short-term absorptive capacity
Functional_System: water, transportation
Spatial_Scale: local
Answer: The flood had a significant impact on the infrastructure between Craig and Vitre Streets, with streets submerged and buildings filled with water to the level of the sidewalk. Residents adapted by using boats, rafts, and improvised floating sidewalks to navigate the flooded area.",gpt-4
How did the flooding specifically impact the Central Fire Station on Craig Street according to the passage?,"Region: Central Fire Station on Craig Street
Exposure: 5
Sensitivity: 5
Adaptability: 2
Temporal_Scale: short-term absorptive capacity
Functional_System: water, transportation
Spatial_Scale: local
Answer: The flooding severely impacted the Central Fire Station on Craig Street, with the station being surrounded by water, making it difficult for firemen to move in and out without a boat. The men's bedroom was quickly inundated, resulting in significant water damage.",gpt-4
"How did the flooding impact transportation and access routes in the city, specifically regarding the need for detours and alternative means of crossing flooded areas?","Region: City and surrounding areas affected by flooding
Exposure: 5
Sensitivity: 4
Adaptability: 2
Temporal_Scale: short-term absorptive capacity
Functional_System: transportation
Spatial_Scale: local
Answer: The flooding has significantly impacted transportation in the city, with bridges and tracks being washed away, and many areas becoming inaccessible. This has necessitated the use of detours and alternative means of crossing flooded areas, but the adaptability seems to be low due to the severity of the flooding.",gpt-4
"How did the flooding impact the operations at the Grand Trunk office, and what measures, if any, were taken to maintain communication despite the inundation?","Region: Grand Trunk Office, Montreal
Exposure: 5
Sensitivity: 4
Adaptability: 3
Temporal_Scale: short-term absorptive capacity
Functional_System: transportation, information
Spatial_Scale: local
Answer: The flooding severely impacted the operations at the Grand Trunk office, with water rising up to the desk at the innermost end and stopping the works. Despite this, communication was maintained, indicating some level of adaptability and resilience in the face of the disaster.",gpt-4
"How has the flood impacted the transportation infrastructure and agricultural sectors, specifically regarding the situation at the Grand Trunk office and the fate of livestock?","OUTPUT:
Region: Grand Trunk
Exposure: 5
Sensitivity: 5
Adaptability: 2
Temporal_Scale: short-term absorptive capacity
Functional_System: transportation, food
Spatial_Scale: local
Answer: The flood has severely impacted the transportation infrastructure, halting operations at the Grand Trunk office and submerging trains and cars. The agricultural sector, specifically livestock, has also been heavily affected with several horses and cows drowned.",gpt-4
"How has the flooding specifically impacted the infrastructure and political actions in St. Louis, as described in the passage?","Region: St. Louis
Exposure: 4
Sensitivity: 3
Adaptability: 2
Temporal_Scale: long-term transformative capacity
Functional_System: water, transportation
Spatial_Scale: local
Answer: The flooding in St. Louis has significantly impacted the infrastructure, particularly the water and transportation systems, as evidenced by the need for deployment of sandbags and wooden piles to protect dikes and the threat to houses and farmland. The political response has been reactive rather than proactive, with efforts focused on immediate flood control rather than long-term adaptation strategies, indicating a lower adaptability score.",gpt-4
"How did Aid. Stevenson, as chairman of the inundation committee, influence the decision-making process regarding the proposed use of dynamite to address the flood-related jam near Longue Pointe?","Region: Longue Pointe
Exposure: 4
Sensitivity: 4
Adaptability: 3
Temporal_Scale: short-term absorptive capacity
Functional_System: water, transportation
Spatial_Scale: local
Answer: Aid. Stevenson, as chairman of the inundation committee, played a significant role in the decision-making process regarding the use of dynamite to address the flood-related jam near Longue Pointe. Despite the proposal, he concluded that the attempt would be fruitless and potentially dangerous, leading to the scheme being dropped.",gpt-4
How has the flooding affected the infrastructure on Commissioners Street and what potential risks do the stevedores' offices face according to the passage?,"Region: Commissioners Street, Montreal
Exposure: 4
Sensitivity: 5
Adaptability: 3
Temporal_Scale: short-term absorptive capacity
Functional_System: transportation, infrastructure
Spatial_Scale: local
Answer: The flooding has significantly affected the infrastructure on Commissioners Street, with the street being five feet under water and the current sweeping at a high rate. The stevedores' offices, which were placed on the street for safety during the winter, have been upset and face potential risks of being crushed or carried off when the final rush of water takes place.",gpt-4
"What actions did Colonel Stevenson and the presidents of the national societies take to organize and distribute relief to flood victims, according to the passage?","Region: Montreal, Canada
Exposure: 5
Sensitivity: 5
Adaptability: 4
Temporal_Scale: short-term absorptive capacity
Functional_System: food, water, transportation
Spatial_Scale: local, community
Answer: Colonel Stevenson, chairman of the inundation committee, organized relief by ordering packages of food and other provisions for distribution among the flood victims. The presidents of the national societies held a meeting to discuss the distribution of relief. Relief work included food distribution, rebuilding infrastructure, and financial assistance to flood victims.",gpt-4
"How did the flooding impact the lighting infrastructure in Point St. Charles, and what measures were taken to address the lighting issues mentioned in the passage?","Region: Point St. Charles
Exposure: 4
Sensitivity: 4
Adaptability: 3
Temporal_Scale: short-term absorptive capacity
Functional_System: energy
Spatial_Scale: local
Answer: The flooding in Point St. Charles caused significant damage to the lighting infrastructure, leading to a near-total blackout in the submerged district. Measures to address the issue included lighting buildings with lamps or candles, and attempts to mitigate further flooding. However, the proposed solution of blowing up the jam at Longueuil with dynamite was deemed unfeasible.",gpt-4
What infrastructure and political challenges are being addressed in Montreal and New Edinburgh as a result of the ice conditions and how are they being managed according to the passage?,"{
""Region"": ""Montreal and New Edinburgh"",
""Exposure"": 5,
""Sensitivity"": 4,
""Adaptability"": 3,
""Temporal_Scale"": ""medium-term adaptive capacity"",
""Functional_System"": ""transportation, infrastructure"",
""Spatial_Scale"": ""local, regional"",
""Answer"": ""In Montreal and New Edinburgh, ice conditions have caused significant infrastructure challenges, including the collapse of a bridge and the suspension of construction work in New Edinburgh, and disruptions to air travel in Montreal. The cities are managing these challenges through temporary measures such as de-icing planes and runways, and using dynamite to prevent ice jams and further flood damage. However, the ongoing increase in ice and the potential for further damage indicate a high level of exposure and sensitivity to climate stress, and a need for more robust adaptation strategies.""
}",gpt-4
"What specific infrastructure damage and human health impact occurred in Toronto due to the heavy gale on April 6, and how did it uniquely affect John Green?","{
""Region"": ""Toronto"",
""Exposure"": 5,
""Sensitivity"": 4,
""Adaptability"": 3,
""Temporal_Scale"": ""short-term absorptive capacity"",
""Functional_System"": ""health, transportation"",
""Spatial_Scale"": ""local"",
""Answer"": ""The heavy gale on April 6 caused significant infrastructure damage in Toronto, including a washout on the Northern and Northwestern, damage to docks and vessels, and destruction of part of Walton's ice house. John Green, a local coal carter, was uniquely affected when scaffolding from Manning's arcade was blown onto him, causing severe injuries including a broken leg and potential internal damage.""
}",gpt-4
"How did the snowstorm uniquely affect the infrastructure in the southern division of London, Ontario, and what specific ecological impacts were noted in the outskirts?","Region: Southern division of London, Ontario
Exposure: 4
Sensitivity: 3
Adaptability: 2
Temporal_Scale: short-term absorptive capacity
Functional_System: transportation, information
Spatial_Scale: local
Answer: The snowstorm significantly affected the infrastructure in the southern division of London, Ontario, particularly the transportation system, with the storm retarding traffic and causing difficulties for passenger trains. Ecologically, the outskirts experienced the leveling of fences and shade trees due to the strong winds from the east and northeast.",gpt-4
"What specific infrastructure damage occurred to the reaper and mower manufacturing establishment in Watkp, Ont, as a result of the snowstorm?","Region: Watkp, Ont
Exposure: 5
Sensitivity: 5
Adaptability: 2
Temporal_Scale: short-term absorptive capacity
Functional_System: transportation, information
Spatial_Scale: local
Answer: The snowstorm caused significant damage to the reaper and mower manufacturing establishment in Watkp, Ont. The east end of the establishment was blown in, along with about 200 feet of the south side, and it was partially unroofed, leading to a complete suspension of business.",gpt-4
"What specific damage to infrastructure occurred at Leith due to the torrential storm described in the passage, and how did the storm impact human health in terms of casualties?","Region: Leith, East Coast of Scotland
Exposure: 5
Sensitivity: 5
Adaptability: NA
Temporal_Scale: short-term absorptive capacity
Functional_System: transportation, energy
Spatial_Scale: local
Answer: The torrential storm caused significant damage to the infrastructure in Leith, washing away the breakwater, the parade, and half the principal pier. The storm also interfered with traffic on the northern railways, indicating a high level of sensitivity to such climate events. The document does not provide information on casualties or impacts on human health.",gpt-4
What specific damages did the torrential rains cause to infrastructure and agriculture in Sebastopol as mentioned in the passage?,"Region: Sebastopol
Exposure: 5
Sensitivity: 4
Adaptability: 2
Temporal_Scale: short-term absorptive capacity
Functional_System: food, water, transportation
Spatial_Scale: local
Answer: The torrential rains in Sebastopol caused significant damage to local infrastructure and agriculture. Houses were damaged, and vineyards and orchards were devastated, indicating a high level of exposure and sensitivity to extreme weather events. The disruption of communication with many points suggests a lack of adaptability and resilience in the transportation system.",gpt-4
